effect,term,estimate,std.error,statistic,conf.low,conf.high
fixed,(Intercept),7.748656043346876,0.04479486191315235,172.98091147975546,7.660859727304652,7.836452359389099
fixed,order_conditionlarge_to_small,-0.0427809116646158,0.06257217730992083,-0.6837050188092604,-0.16542012562631497,0.07985830229708336
fixed,stage,-0.07346414199617297,0.008736800175474022,-8.408586727484256,-0.09058795568022528,-0.05634032831212067
fixed,order_conditionlarge_to_small:stage,0.004750349163570793,0.01220409186127205,0.3892423309796078,-0.019169231348540813,0.0286699296756824
