term,estimate,std.error,statistic,p.value,conf.low,conf.high
(Intercept),984.5897435897435,9.911068807347947,99.3424385127647,6.886529403329016e-84,964.8583213058439,1004.3211658736432
order_conditionlarge_to_small,14.678549093183213,13.844381437017338,1.0602531546794474,0.29230155084473536,-12.883497110213744,42.24059529658017
